color,d_um,phi_rad,phi_local_rad,t_um,y_um,x_um,elong,fill,cumulo,desenrollado_dudoso,Vphi_rad_um2
red,5.510,6.019,6.020,12.373,26.86,320.81,1.08,0.99,0,0,63.5426
red,1.274,4.032,4.032,8.287,31.70,297.39,1.08,0.90,0,0,4.8739
red,21.123,10.731,10.728,22.059,46.00,264.84,1.40,0.98,0,0,1758.6426
red,11.842,8.015,8.017,16.476,60.62,350.87,1.17,1.00,0,0,481.8722
red,2.807,4.108,4.108,8.445,56.53,132.27,1.28,0.99,0,0,10.8470
red,27.183,10.317,10.319,21.207,76.99,56.54,1.34,0.97,0,0,3331.8913
red,2.637,0.376,0.377,0.774,80.88,80.63,1.31,0.93,0,0,1.2915
red,1.077,0.387,0.387,0.796,83.71,78.76,1.73,0.92,0,0,0.2986
red,6.619,2.347,2.346,4.825,86.48,399.89,1.31,0.99,0,0,57.6702
red,1.077,1.816,1.815,3.732,87.72,313.26,1.73,0.92,0,0,1.4116
red,20.997,10.677,10.678,21.946,100.98,214.34,1.85,0.93,0,0,1435.1096
red,19.179,5.813,5.814,11.949,101.66,160.85,1.38,0.94,0,0,591.0069
red,2.206,1.034,1.034,2.126,93.68,123.35,1.84,0.96,0,0,3.2759
red,2.258,1.521,1.521,3.127,95.52,107.25,1.25,0.95,0,0,4.3750
red,5.095,2.362,2.362,4.855,99.05,90.50,1.21,0.99,0,0,32.9964
red,23.487,4.316,4.319,8.872,112.83,307.40,1.36,0.88,0,0,849.7191
red,14.314,2.472,2.311,5.082,114.66,258.28,2.38,0.91,1,1,192.3317
red,3.336,0.778,0.596,1.599,116.57,275.34,1.34,0.91,0,1,2.9408
red,5.095,1.711,1.711,3.518,118.11,481.33,1.48,0.98,0,0,24.3652
red,6.893,2.101,2.102,4.319,130.09,469.63,1.60,0.99,0,0,57.4726
red,4.028,4.890,4.890,10.052,131.59,60.15,1.09,0.99,0,0,26.7439
red,2.309,4.090,4.089,8.407,130.60,256.52,1.14,0.97,0,0,8.1960
red,6.203,4.504,4.504,9.257,134.52,279.62,1.09,0.99,0,0,75.7015
red,5.757,4.021,4.022,8.266,134.31,220.36,1.28,0.99,0,0,57.9044
red,4.717,2.946,2.946,6.056,136.62,373.22,1.97,0.64,0,0,22.6392
red,1.865,1.203,1.203,2.473,138.50,83.46,1.15,0.96,0,0,3.0906
red,4.717,2.435,2.434,5.004,141.21,72.09,1.06,0.99,0,0,28.5507
red,16.369,8.093,8.092,16.636,150.42,167.35,1.75,0.98,0,0,897.3024
red,9.097,6.746,6.746,13.867,145.28,192.28,1.10,1.00,0,0,233.2710
red,4.717,4.590,4.590,9.435,166.30,217.34,1.10,0.99,0,0,29.7103
red,11.900,8.904,8.906,18.303,175.37,332.46,1.10,1.00,0,0,476.8334
red,3.404,2.467,2.467,5.071,174.29,57.81,1.08,0.98,0,0,16.1467
red,6.531,2.952,2.952,6.068,177.74,285.80,1.32,0.99,0,0,63.7410
red,6.843,1.474,1.473,3.029,199.52,295.94,1.88,0.96,0,0,28.1498
red,25.909,6.323,1.001,12.998,214.05,167.07,1.96,0.95,0,1,1940.2377
red,25.846,16.854,16.853,34.644,219.04,224.68,2.17,0.88,1,0,3137.4935
red,19.868,4.087,4.088,8.402,217.32,328.36,1.31,0.98,0,0,560.6720
red,5.489,2.947,2.947,6.058,212.46,20.27,1.88,0.97,0,0,35.6494
red,9.593,7.180,7.179,14.758,217.26,103.70,1.10,1.00,0,0,264.1240
red,2.502,1.568,1.568,3.223,215.89,23.47,3.16,0.98,1,0,5.3178
red,2.309,1.464,1.464,3.008,218.03,451.84,1.21,0.98,0,0,4.6178
red,1.522,2.387,2.387,4.907,219.95,145.92,1.63,0.97,0,0,3.6587
red,16.580,14.458,14.458,29.720,232.75,361.15,1.15,0.99,0,0,1275.0751
red,1.597,2.495,2.496,5.130,234.71,25.44,1.42,0.96,0,0,2.3205
red,10.657,8.840,8.839,18.170,240.43,392.04,1.17,0.99,0,0,378.5592
red,3.083,3.949,3.949,8.118,246.44,148.04,1.03,0.98,0,0,12.7106
red,1.926,1.000,1.000,2.055,246.40,338.35,1.22,0.97,0,0,2.4911
red,4.668,2.397,2.398,4.928,256.62,403.74,1.41,0.99,0,0,26.7288
red,13.660,12.777,12.941,26.263,273.24,456.40,1.06,0.99,0,1,1128.1624
red,4.980,1.278,1.278,2.627,270.42,485.44,1.87,0.99,0,0,18.8871
red,11.167,1.221,1.185,2.509,282.68,444.40,1.40,0.88,0,1,54.8154
red,3.404,2.805,2.806,5.766,276.97,83.37,1.27,0.97,0,0,6.1227
red,2.928,3.090,3.090,6.353,277.39,66.86,1.14,0.98,0,0,12.9026
red,3.729,2.956,2.955,6.076,279.26,120.36,1.16,0.99,0,0,16.6710
red,24.139,8.543,8.543,17.561,293.21,474.81,2.18,0.96,1,0,1967.5805
red,1.801,1.919,1.919,3.945,285.17,214.95,1.29,0.95,0,0,4.1323
red,4.028,2.147,2.147,4.414,287.12,311.31,1.97,0.98,0,0,16.5411
red,18.033,11.976,11.976,24.616,297.75,132.41,1.46,0.95,0,0,1241.3129
red,3.570,1.540,1.540,3.165,297.41,251.50,1.19,0.99,0,0,12.0227
red,1.801,3.787,3.786,7.783,300.65,201.90,1.29,0.95,0,0,4.3375
red,9.937,6.024,6.025,12.382,308.94,107.04,1.78,0.99,0,0,218.4018
red,25.544,11.519,11.517,23.678,328.57,207.74,1.86,0.78,0,0,2722.4708
red,11.105,2.042,2.043,4.198,320.48,371.08,3.56,0.98,1,0,128.3136
red,21.162,14.149,14.149,29.084,327.74,311.18,1.76,0.84,0,0,1488.7191
red,5.531,4.430,4.430,9.106,322.51,262.43,1.03,0.99,0,0,38.5179
red,2.407,0.819,0.819,1.683,324.25,267.84,1.31,0.97,0,0,2.4937
red,3.265,0.871,0.871,1.790,327.44,351.80,1.68,0.98,0,0,5.6684
red,4.386,2.622,2.622,5.389,328.73,282.96,1.24,0.98,0,0,18.3201
red,2.723,4.387,4.387,9.018,332.25,434.69,1.07,0.97,0,0,9.3355
red,3.570,1.009,1.009,2.073,339.07,315.73,1.41,0.97,0,0,7.4785
red,3.265,3.184,3.184,6.545,347.62,477.12,1.81,0.96,0,0,10.6603
red,3.336,1.193,1.192,2.451,347.31,387.31,1.12,0.99,0,0,8.6699
red,25.261,14.792,14.788,30.405,359.30,122.22,1.83,0.95,0,1,2838.0348
red,14.800,2.152,2.153,4.424,355.84,462.77,1.54,0.91,0,1,154.1493
red,7.141,2.136,2.136,4.390,355.97,223.83,1.47,0.97,0,0,61.3493
red,13.778,6.143,6.143,12.628,360.17,372.99,1.89,0.98,0,1,497.5903
red,2.455,0.828,0.828,1.701,357.02,487.96,1.78,0.97,0,0,3.1234
red,3.570,1.311,1.311,2.695,359.61,252.48,1.30,0.98,0,0,9.5214
red,4.465,1.172,1.172,2.408,359.98,473.44,2.61,0.97,1,0,8.9581
red,1.985,0.941,0.941,1.935,367.61,355.89,1.28,0.97,0,0,1.9927
red,4.197,2.737,2.737,5.626,369.44,292.16,1.30,0.99,0,0,20.5904
red,1.985,0.751,0.751,1.545,372.73,345.22,1.28,0.97,0,0,1.8094
red,3.729,1.738,1.737,3.572,380.76,176.99,2.01,0.99,1,0,12.9782
red,2.258,0.889,0.889,1.827,391.68,451.92,1.48,0.95,0,0,1.9586
red,10.493,3.316,3.316,6.815,395.79,340.47,1.22,0.87,0,0,183.7052
red,5.140,4.775,4.775,9.816,394.20,304.90,1.20,0.99,0,0,34.3725
red,5.318,1.361,1.361,2.798,398.21,458.85,1.28,0.99,0,0,21.6380
red,1.179,3.150,3.150,6.474,400.28,161.35,1.35,0.88,0,0,2.3765
red,3.538,1.817,1.817,3.736,408.45,172.13,1.21,0.98,0,0,12.4643
red,14.387,9.793,9.792,20.129,421.83,37.68,1.17,0.98,0,0,744.8655
red,8.463,2.671,2.671,5.491,424.63,227.90,1.20,0.99,0,0,106.0298
red,10.437,7.082,7.082,14.557,429.58,312.99,1.06,1.00,0,0,265.8475
red,1.077,3.999,2.463,8.221,431.19,432.73,1.73,0.92,0,1,2.7998
red,1.179,0.734,0.734,1.509,432.14,375.82,1.35,0.88,0,0,0.6652
red,6.927,5.082,7.956,10.447,438.75,436.25,2.99,0.73,1,1,72.0547
red,3.404,2.206,2.206,4.534,447.11,40.12,1.21,0.99,0,0,13.0631
red,6.052,1.991,1.991,4.093,451.56,179.35,1.27,0.99,0,0,35.8382
red,15.960,3.500,3.472,7.194,456.35,298.58,1.83,0.94,0,1,418.1077
red,2.258,1.056,1.050,2.171,471.80,321.34,1.89,0.96,0,1,2.3911
red,7.270,1.451,1.451,2.982,490.57,176.48,2.60,0.87,1,1,22.6300
red,2.889,0.162,0.162,0.333,492.35,184.79,1.99,0.99,0,0,0.7129
green,2.434,0.653,0.653,1.094,19.08,19.01,1.35,0.98,0,0,2.2849
green,22.511,18.123,17.850,30.367,44.17,264.91,1.29,0.97,0,0,2373.2338
green,2.434,0.609,0.609,1.021,47.70,277.63,1.31,0.98,0,0,1.3127
green,1.938,4.129,3.097,6.919,57.74,355.62,1.26,0.98,0,1,6.0018
green,2.974,3.245,4.369,5.438,61.30,345.42,1.89,0.97,0,1,6.7202
green,1.355,1.762,0.711,2.952,61.09,353.45,1.61,0.96,0,1,1.7349
green,23.021,13.415,13.415,22.479,74.14,55.61,1.43,0.95,0,1,2637.5811
green,1.473,1.040,1.040,1.742,65.26,344.37,1.32,0.96,0,0,1.2196
green,2.567,3.073,2.738,5.149,73.02,70.48,2.61,0.90,1,0,5.6037
green,9.289,0.867,0.816,1.452,79.64,72.82,1.98,0.85,0,0,20.8314
green,2.771,0.406,0.406,0.681,80.33,80.49,1.28,0.99,0,0,1.3080
green,8.695,1.650,1.650,2.765,83.71,399.42,1.36,1.00,0,0,58.3912
green,1.001,0.252,0.252,0.422,86.51,43.20,2.88,0.96,1,0,0.0976
green,3.865,1.030,1.030,1.726,89.18,56.66,7.79,0.96,1,0,6.1706
green,15.057,8.151,8.151,13.657,95.82,210.75,1.28,0.99,0,0,831.7072
green,4.782,0.933,0.933,1.563,90.86,121.55,3.02,0.98,1,0,11.6133
green,2.960,3.873,3.873,6.490,92.77,156.83,1.88,0.99,0,0,13.7229
green,6.182,1.366,1.366,2.288,96.35,90.37,1.62,0.99,0,0,21.4419
green,4.314,1.949,1.948,3.265,97.75,160.84,1.41,0.98,0,0,19.1718
green,20.988,7.394,7.394,12.390,109.69,303.46,1.35,0.84,0,0,1283.4822
green,3.369,4.153,2.430,6.959,100.79,169.20,1.29,0.99,0,1,11.2973
green,1.709,0.607,0.607,1.018,101.08,222.51,1.58,0.97,0,0,1.1506
green,3.908,0.736,0.736,1.234,104.44,200.69,3.44,0.93,1,0,3.8862
green,2.845,1.329,1.329,2.226,103.28,172.70,1.62,0.98,0,0,3.7307
green,2.451,4.530,4.530,7.591,102.97,161.54,1.24,0.98,0,0,10.2597
green,1.119,0.534,0.534,0.895,106.77,198.25,1.71,0.95,0,0,0.4376
green,8.941,2.453,2.453,4.110,110.46,255.48,1.47,0.99,0,0,90.5008
green,3.908,0.555,0.555,0.930,114.92,261.93,2.58,0.93,1,0,4.3476
green,7.336,1.203,1.203,2.016,114.94,480.48,1.80,0.99,0,0,25.5954
green,2.123,0.732,0.732,1.226,115.55,249.77,2.09,0.99,1,0,1.9547
green,1.226,1.063,1.063,1.781,116.20,288.48,1.57,0.97,0,0,0.8202
green,2.417,1.399,1.399,2.345,116.85,306.63,1.35,0.99,0,0,3.3383
green,1.916,0.659,0.659,1.105,117.08,255.97,3.40,0.98,1,0,1.5454
green,2.417,0.641,0.641,1.074,121.01,287.00,1.96,0.98,0,0,1.8220
green,1.415,0.277,0.277,0.465,124.51,282.40,2.01,0.96,1,0,0.2345
green,8.506,1.767,1.767,2.960,127.43,469.18,1.60,0.99,0,0,58.8109
green,8.656,6.600,6.600,11.059,131.88,279.30,1.05,1.00,0,0,158.6587
green,1.959,2.021,2.021,3.387,129.10,220.13,1.54,0.98,0,0,3.7869
green,2.816,0.819,0.818,1.372,131.65,492.06,1.84,0.99,0,0,2.9047
green,5.287,1.084,1.084,1.817,133.84,371.61,2.09,0.91,1,0,11.8745
green,3.886,2.142,2.142,3.590,134.04,220.17,2.34,0.98,1,0,10.3425
green,3.799,1.085,1.085,1.818,139.17,73.68,1.38,0.77,0,0,7.0611
green,18.037,7.263,7.263,12.170,147.87,167.28,1.41,0.96,0,0,981.6116
green,1.959,3.870,3.897,6.486,145.05,188.47,1.49,0.97,0,0,3.9755
green,2.518,3.919,5.011,6.566,145.33,194.61,2.39,0.97,1,1,4.7580
green,1.757,1.092,1.092,1.830,150.83,176.12,1.79,0.98,0,0,1.6295
green,1.155,0.365,0.365,0.612,153.47,179.20,2.11,0.99,1,0,0.3238
green,4.456,1.042,1.042,1.745,164.07,217.15,1.66,0.58,1,0,10.5558
green,2.083,0.667,0.667,1.118,167.51,289.44,1.69,0.98,0,0,1.5161
green,9.298,8.708,8.708,14.591,171.78,332.43,1.18,1.00,0,1,244.1931
green,2.518,0.868,0.868,1.454,172.38,57.89,3.17,0.56,1,0,3.1497
green,7.472,1.685,1.685,2.824,175.67,285.32,1.48,0.96,0,0,37.7394
green,5.135,1.747,2.117,2.927,177.91,326.97,1.41,0.74,0,0,11.7003
green,3.843,1.570,1.570,2.630,178.23,335.44,1.80,0.92,0,0,4.7105
green,10.188,1.272,1.272,2.131,196.47,294.61,2.18,0.99,1,0,55.0394
green,24.802,16.966,16.966,28.429,215.73,224.83,1.91,0.83,0,0,2875.2805
green,12.225,1.428,4.176,2.393,217.56,326.41,1.48,0.84,0,1,56.9686
green,1.980,0.771,0.771,1.292,213.62,21.59,1.61,0.98,0,0,1.8422
green,2.001,0.763,0.763,1.279,213.73,25.08,1.45,0.97,0,0,1.7642
green,1.259,1.873,1.873,3.138,214.08,334.12,1.36,0.95,0,1,1.7608
green,13.571,9.202,9.202,15.419,220.69,173.35,1.07,0.97,0,0,492.8298
green,2.647,3.200,3.200,5.362,215.84,98.40,1.73,0.96,0,0,5.3437
green,15.266,7.256,7.255,12.158,229.03,361.03,1.27,0.97,0,0,627.9925
green,1.501,1.294,1.294,2.168,225.10,206.93,1.74,0.97,0,0,1.7512
green,1.415,1.214,1.213,2.033,227.15,234.51,1.42,0.97,0,0,1.2457
green,5.955,0.876,0.877,1.469,231.19,206.96,1.15,0.82,0,0,9.3663
green,3.722,0.991,0.991,1.660,231.11,233.74,1.87,0.71,0,0,4.2810
green,1.556,0.270,0.270,0.452,231.21,201.45,1.39,0.98,0,0,0.2784
green,1.529,0.949,0.949,1.591,233.49,229.46,2.40,0.94,1,0,1.2952
green,2.551,1.134,1.134,1.899,234.21,211.70,1.83,0.98,0,0,3.9485
green,11.329,6.795,6.795,11.385,239.64,391.19,1.57,0.97,0,0,243.9742
green,2.616,1.646,1.646,2.758,236.84,215.96,1.31,0.98,0,0,3.4540
green,1.733,1.006,1.006,1.685,238.90,219.86,2.03,0.97,1,0,1.4381
green,1.415,0.575,0.575,0.963,241.39,382.91,1.40,0.95,0,0,0.4993
green,2.311,0.589,0.589,0.987,243.79,338.06,1.36,0.99,0,0,1.5367
green,5.913,1.433,1.432,2.400,254.53,402.96,2.24,0.95,1,0,14.6155
green,21.442,13.751,13.751,23.042,271.75,457.28,1.32,0.97,0,1,2351.9863
green,1.582,1.370,1.370,2.296,265.67,445.47,1.44,0.97,0,0,1.9336
green,8.211,0.897,0.896,1.502,268.63,485.03,1.75,0.94,0,0,26.6030
green,3.393,0.977,0.977,1.638,271.97,444.41,1.46,0.98,0,0,3.2532
green,5.326,0.500,0.500,0.838,274.00,82.58,2.04,0.98,1,0,6.5327
green,2.860,0.761,0.761,1.276,274.63,478.26,5.68,0.85,1,0,3.1566
green,1.938,0.606,0.606,1.015,276.37,122.75,1.19,0.96,0,0,1.3642
green,1.292,1.991,1.334,3.337,279.68,484.43,1.58,0.97,0,1,1.8303
green,6.884,1.385,1.384,2.320,284.97,310.38,2.16,0.99,1,0,24.0327
green,17.931,3.340,3.344,5.596,290.40,474.08,2.02,0.91,1,0,395.9222
green,17.618,12.145,12.145,20.351,294.88,131.21,1.29,0.90,0,0,1164.7048
green,1.042,1.823,1.823,3.055,287.55,458.04,1.46,0.93,0,1,1.1296
green,1.292,0.446,0.446,0.748,291.67,280.18,1.61,0.97,0,0,0.4570
green,1.872,0.333,0.333,0.558,295.41,253.37,1.60,0.92,0,0,0.5546
green,1.042,0.573,0.573,0.960,296.78,250.27,1.55,0.91,0,0,0.4220
green,3.832,3.634,4.658,6.089,298.43,472.54,2.33,0.96,1,1,13.5400
green,1.324,0.630,0.630,1.055,297.59,106.46,1.74,0.97,0,0,0.6512
green,3.138,0.738,0.738,1.236,298.46,201.23,2.96,0.97,1,0,2.9205
green,3.268,0.866,0.866,1.452,300.50,461.91,3.84,0.98,1,0,5.5382
green,1.155,0.694,0.694,1.163,302.21,137.86,2.45,0.97,1,0,0.4870
green,13.416,6.147,6.147,10.300,307.77,108.51,2.13,0.89,1,0,282.5244
green,14.295,7.567,7.567,12.680,314.13,200.92,1.16,0.98,0,0,685.4935
green,12.983,2.308,2.308,3.868,317.90,370.65,3.13,0.99,1,0,151.6466
green,18.745,18.478,18.479,30.963,324.26,311.91,1.41,0.94,0,0,2014.2284
green,1.733,0.572,0.572,0.958,317.30,212.20,2.73,0.97,1,0,0.6336
green,2.275,0.923,0.923,1.547,318.07,261.97,3.74,0.81,1,0,2.3291
green,1.529,0.770,0.770,1.290,321.48,265.97,1.53,0.97,0,0,0.9392
green,1.473,2.464,2.464,4.129,323.39,202.71,1.64,0.97,0,0,2.5772
green,18.333,11.590,11.590,19.421,331.60,215.01,1.74,0.85,0,1,1008.4798
green,6.669,0.582,0.582,0.975,325.74,349.03,3.66,0.98,1,0,12.9177
green,2.347,0.915,0.915,1.533,326.52,280.33,1.20,0.97,0,0,2.5618
green,2.103,1.109,1.109,1.858,326.52,284.62,1.35,0.97,0,0,2.2339
green,1.415,1.662,1.662,2.786,328.74,222.73,1.29,0.97,0,0,1.7845
green,2.518,4.484,4.484,7.513,329.43,483.11,1.14,0.96,0,0,8.4460
green,13.403,2.508,2.508,4.203,335.50,483.37,2.01,0.87,1,0,192.2150
green,9.391,1.023,1.023,1.714,335.10,318.20,3.25,0.94,1,0,32.1549
green,3.596,0.731,0.731,1.225,330.98,434.96,2.63,0.72,1,0,3.3420
green,3.098,1.125,1.071,1.886,332.56,201.39,2.00,0.73,1,0,3.5191
green,2.219,0.615,0.615,1.030,337.45,202.31,1.84,0.94,0,0,1.1830
green,4.245,0.596,0.596,0.999,344.67,386.55,1.61,0.69,0,0,5.0042
green,11.255,1.792,1.751,3.002,348.79,468.83,1.89,0.97,0,1,71.5643
green,28.082,19.145,19.145,32.080,357.27,124.24,1.63,0.91,0,0,4489.7367
green,3.711,0.574,0.574,0.962,348.23,317.29,2.14,0.99,1,0,4.2096
green,8.491,1.461,1.461,2.448,353.80,222.99,1.68,0.99,0,0,50.3992
green,16.315,12.331,12.331,20.662,357.96,375.58,1.36,0.98,0,0,1096.9109
green,1.259,0.676,0.676,1.133,353.17,462.65,2.17,0.94,1,0,0.6299
green,4.685,1.973,1.969,3.307,356.64,476.28,1.60,0.95,0,0,5.7771
green,6.242,0.673,0.673,1.128,357.33,251.82,1.82,0.99,0,0,12.7438
green,3.854,0.788,0.767,1.320,358.16,481.83,3.05,0.87,1,1,3.7248
green,2.816,0.587,0.587,0.984,360.01,244.90,1.26,0.99,0,0,2.6262
green,1.155,0.495,0.495,0.829,364.67,28.67,1.22,0.97,0,0,0.3322
green,2.740,0.453,0.453,0.760,369.45,350.34,1.36,0.99,0,0,1.3874
green,3.971,0.494,0.494,0.827,371.04,345.39,1.76,0.99,0,0,4.1831
green,6.407,1.203,1.203,2.015,378.46,175.90,2.42,1.00,1,0,18.8937
green,5.365,0.766,0.766,1.283,389.75,450.66,1.90,0.94,0,0,8.6790
green,7.017,1.890,1.890,3.167,393.37,341.03,1.69,0.90,0,0,31.6291
green,2.142,0.684,0.684,1.147,392.44,302.02,2.75,0.89,1,0,1.3963
green,2.417,1.060,1.060,1.776,391.92,306.57,1.37,0.98,0,0,2.1658
green,6.262,0.692,0.692,1.160,396.32,458.41,1.82,0.99,0,0,12.2518
green,2.786,0.777,0.777,1.302,397.03,348.41,1.88,0.99,0,0,2.9155
green,1.501,0.493,0.493,0.826,397.98,335.12,1.62,0.96,0,0,0.7145
green,1.385,0.765,0.765,1.282,399.49,339.88,1.73,0.98,0,0,0.8351
green,4.166,0.647,0.647,1.083,406.80,171.81,2.52,0.95,1,0,5.7090
green,14.089,8.522,8.522,14.281,418.13,36.84,1.29,0.99,0,0,600.5581
green,2.219,0.823,0.823,1.379,418.84,433.87,3.84,0.90,1,0,1.9248
green,8.135,2.244,2.244,3.760,422.24,227.69,1.35,0.99,0,0,55.3821
green,12.279,1.223,1.223,2.050,426.86,403.17,4.01,0.81,1,0,79.9818
green,22.646,18.013,18.013,30.184,432.69,432.55,1.60,0.97,0,0,2843.9810
green,2.551,0.666,0.666,1.115,425.33,47.34,1.80,0.98,0,0,2.1044
green,1.191,0.800,0.800,1.340,433.92,318.46,1.97,0.96,0,0,0.5514
green,2.347,0.354,0.354,0.592,441.29,113.75,1.63,0.96,0,0,0.7991
green,1.872,0.696,0.696,1.167,441.22,284.01,1.23,0.97,0,0,1.5968
green,1.938,0.445,0.445,0.745,442.48,280.88,1.10,0.97,0,0,0.9731
green,2.347,0.607,0.607,1.016,443.41,444.96,3.48,0.93,1,0,1.0024
green,2.468,1.616,1.616,2.708,444.54,286.88,1.08,0.99,0,0,3.6771
green,2.584,0.549,0.549,0.920,447.07,186.16,1.53,0.97,0,0,1.8857
green,2.917,1.416,1.416,2.372,447.38,291.09,3.23,0.77,1,0,5.5826
green,6.485,0.810,0.810,1.357,449.51,178.84,1.51,0.98,0,0,13.8815
green,3.744,0.502,0.502,0.840,448.77,457.58,2.91,0.98,1,0,3.7919
green,1.709,0.506,0.506,0.848,448.63,340.67,1.31,0.97,0,0,0.9118
green,1.081,0.385,0.385,0.645,449.83,452.21,2.12,0.96,1,0,0.2503
green,2.142,1.507,1.507,2.525,450.86,294.38,1.25,0.98,0,0,3.3305
green,7.654,3.317,3.317,5.558,456.56,301.92,4.10,0.71,1,0,59.5618
green,2.238,2.904,2.904,4.865,455.09,290.62,1.50,0.99,0,0,5.1226
green,8.068,1.254,1.254,2.102,459.75,403.40,1.49,0.99,0,0,39.9775
green,3.843,1.114,1.114,1.866,461.78,300.57,2.49,0.98,1,0,8.1457
green,1.292,0.503,0.503,0.844,461.73,309.88,1.61,0.97,0,0,0.5281
green,5.646,1.389,1.389,2.328,465.30,296.68,2.40,0.93,1,0,14.1104
green,7.566,0.939,0.939,1.574,469.66,172.62,1.80,0.99,0,0,24.7341
green,6.388,0.990,0.990,1.659,470.41,322.80,2.04,0.97,1,0,10.8889
green,1.119,0.821,0.821,1.375,468.89,149.27,1.32,0.95,0,0,0.7077
green,1.827,1.684,1.684,2.822,482.23,478.59,1.42,0.98,0,0,2.6968
green,1.582,0.468,0.468,0.783,483.57,382.89,1.63,0.98,0,0,0.5811
blue,5.012,3.065,3.065,4.427,22.06,319.62,1.27,0.88,0,0,13.8437
blue,3.016,2.338,2.338,3.376,24.52,164.63,1.31,0.99,0,0,5.1599
blue,2.468,3.186,3.186,4.601,26.68,296.73,1.09,0.99,0,0,5.1900
blue,22.574,16.938,16.938,24.464,40.89,264.63,1.50,0.96,0,0,2357.3749
blue,1.529,1.130,1.130,1.632,32.17,163.16,2.02,0.97,1,0,1.1371
blue,2.535,0.840,0.840,1.213,34.72,427.81,1.18,0.99,0,0,3.0078
blue,1.608,0.482,0.482,0.697,36.34,122.33,1.88,0.96,0,0,0.7190
blue,2.468,0.940,0.940,1.358,41.19,84.82,1.25,0.99,0,0,3.3683
blue,13.835,7.932,7.932,11.457,55.80,350.37,1.11,1.00,0,0,565.2874
blue,2.786,1.826,1.827,2.638,52.11,131.36,1.50,0.98,0,0,4.7879
blue,26.067,20.194,20.194,29.166,72.31,55.66,1.26,0.99,0,1,4901.3169
blue,2.616,0.450,0.450,0.649,64.35,137.36,1.33,0.99,0,0,1.7653
blue,1.529,0.704,0.704,1.016,65.66,383.87,1.27,0.98,0,0,0.9406
blue,7.895,1.733,1.733,2.503,81.46,399.53,1.39,1.00,0,0,49.6221
blue,2.584,1.027,1.027,1.483,83.45,312.52,1.35,0.99,0,0,3.8533
blue,18.745,7.720,7.720,11.151,93.91,210.51,1.10,1.00,0,0,1197.9546
blue,18.532,8.054,8.054,11.632,96.18,161.89,1.24,0.98,0,0,1090.2095
blue,5.279,0.964,0.964,1.393,88.32,121.14,2.90,0.98,1,0,16.2078
blue,1.529,0.761,0.761,1.099,88.45,114.05,1.96,0.99,0,0,1.1880
blue,3.876,1.136,1.136,1.641,90.56,105.79,1.15,0.99,0,0,8.0404
blue,6.644,1.611,1.611,2.326,94.07,89.43,1.39,0.99,0,0,33.0805
blue,2.860,3.240,3.240,4.680,93.71,245.84,1.02,0.99,0,0,5.3281
blue,2.694,3.561,5.140,5.144,95.23,305.02,1.34,0.99,0,1,8.2664
blue,14.116,3.309,3.309,4.779,106.39,301.86,1.92,0.68,0,0,163.9939
blue,2.142,1.160,1.160,1.676,101.91,464.88,1.42,0.99,0,0,2.6982
blue,10.614,2.289,2.289,3.306,109.06,255.28,1.25,0.97,0,0,84.1917
blue,7.233,1.432,1.432,2.068,113.10,480.71,1.81,0.99,0,0,31.9150
blue,3.478,3.039,3.039,4.389,113.44,302.34,1.50,0.98,0,0,9.6891
blue,2.889,2.730,2.730,3.943,117.27,300.55,1.41,0.97,0,0,6.0767
blue,1.850,1.796,1.796,2.594,116.97,296.14,1.57,0.97,0,0,3.0676
blue,2.600,0.862,0.862,1.245,123.50,254.96,1.20,0.98,0,0,2.5722
blue,8.297,1.683,1.684,2.431,125.28,469.35,1.60,0.99,0,0,55.9799
blue,8.165,6.448,6.448,9.312,129.82,278.94,1.09,1.00,0,0,121.3641
blue,8.186,6.541,6.542,9.448,129.57,219.50,1.19,1.00,0,0,121.5217
blue,6.762,1.569,1.569,2.267,131.69,372.58,1.76,0.88,0,0,25.6516
blue,3.608,0.895,0.895,1.293,134.29,82.38,1.42,0.99,0,0,4.8299
blue,2.162,1.250,1.250,1.806,134.78,47.36,1.21,0.99,0,0,2.8708
blue,5.920,1.498,1.498,2.163,136.61,70.97,1.33,0.99,0,0,23.5023
blue,10.184,7.167,7.167,10.351,140.71,191.46,1.04,1.00,0,0,241.4417
blue,11.199,2.846,7.605,4.110,143.17,166.07,1.39,0.87,0,1,78.4558
blue,2.694,1.030,1.030,1.488,142.32,51.11,1.40,0.99,0,0,4.0913
blue,2.917,3.179,4.692,4.592,152.63,170.73,1.47,0.99,0,1,7.7042
blue,1.872,1.958,1.958,2.828,152.41,166.66,1.47,0.98,0,0,3.1564
blue,3.230,3.851,3.851,5.562,155.89,166.13,1.90,0.95,0,0,9.4600
blue,3.125,1.053,1.053,1.521,159.01,456.47,1.38,0.99,0,0,6.0803
blue,2.063,1.225,1.225,1.769,159.44,307.13,1.25,0.98,0,0,2.7816
blue,5.878,1.377,1.377,1.989,161.53,216.54,1.24,1.00,0,0,20.6343
blue,13.571,7.450,7.450,10.760,170.38,331.88,1.14,1.00,0,0,515.8677
blue,3.430,1.056,1.056,1.525,165.56,288.95,1.66,0.98,0,0,5.9177
blue,5.037,1.360,1.360,1.965,169.70,56.61,1.42,0.99,0,0,15.6963
blue,7.175,2.030,2.030,2.933,172.78,285.36,1.30,0.99,0,0,41.1111
blue,1.259,0.581,0.581,0.839,177.84,281.20,1.59,0.96,0,0,0.6413
blue,9.775,1.198,1.198,1.730,194.19,294.84,2.28,0.99,1,0,51.4776
blue,27.075,8.125,8.125,11.735,215.60,223.66,2.16,0.87,1,0,2446.9342
blue,1.916,0.716,0.716,1.034,199.49,106.50,1.79,0.97,0,0,1.5771
blue,1.119,1.145,1.145,1.654,199.83,188.26,1.15,0.96,0,0,0.9709
blue,14.803,7.357,7.357,10.626,209.11,331.48,1.12,0.99,0,0,608.0842
blue,11.317,7.654,7.654,11.056,212.92,102.58,1.11,1.00,0,0,325.2572
blue,1.191,1.414,1.414,2.043,208.02,147.94,1.28,0.97,0,0,1.1222
blue,12.482,7.418,7.418,10.715,218.16,172.47,1.06,1.00,0,0,420.5517
blue,3.940,1.002,1.002,1.447,213.83,451.65,1.47,0.99,0,0,7.4259
blue,2.616,1.193,1.193,1.723,215.54,144.91,1.23,0.99,0,0,3.8051
blue,4.576,0.904,0.904,1.306,218.72,326.68,2.13,0.87,1,0,4.7269
blue,2.103,3.017,3.017,4.358,218.65,477.47,1.27,0.99,0,0,2.7277
blue,14.789,7.858,7.858,11.349,227.03,361.21,1.06,1.00,0,0,664.7422
blue,4.484,0.792,0.792,1.144,229.57,24.14,1.22,0.99,0,0,6.4240
blue,12.960,7.772,7.772,11.226,236.03,391.61,1.08,0.99,0,0,459.9857
blue,1.081,0.468,0.468,0.676,230.27,444.80,1.35,0.98,0,0,0.3683
blue,2.889,1.535,1.535,2.217,234.90,215.97,1.34,0.98,0,0,5.1540
blue,3.043,0.720,0.720,1.040,242.38,337.82,1.31,0.99,0,0,3.6403
blue,2.311,2.070,2.070,2.990,242.98,147.34,2.07,0.96,1,0,2.7636
blue,5.734,1.573,1.573,2.272,252.23,403.38,1.62,1.00,0,0,23.0494
blue,2.485,0.622,0.622,0.898,253.35,426.71,1.15,0.99,0,0,2.2563
blue,2.663,1.232,1.232,1.779,256.77,391.40,1.12,0.99,0,0,4.2753
blue,24.118,19.895,19.896,28.736,270.22,456.82,1.15,0.98,0,0,4032.7161
blue,7.216,1.299,1.299,1.877,266.34,485.18,1.79,0.99,0,0,35.7184
blue,5.526,0.683,0.683,0.986,272.14,82.35,1.74,0.98,0,0,9.5012
blue,6.401,1.384,1.384,1.999,274.09,119.63,1.12,0.94,0,0,20.6855
blue,3.098,1.278,1.278,1.846,273.53,65.68,1.49,0.99,0,0,3.8866
blue,18.669,2.716,3.523,3.923,288.15,474.16,2.08,0.88,1,0,381.7447
blue,3.111,1.203,1.203,1.738,280.95,214.13,1.33,0.99,0,0,6.0203
blue,6.688,1.522,1.522,2.199,282.89,310.44,2.00,0.99,0,0,24.7063
blue,16.290,13.163,13.163,19.011,292.11,129.42,1.02,1.00,0,0,1163.0608
blue,2.001,2.433,2.433,3.515,285.36,489.97,1.47,0.98,0,0,4.8311
blue,2.417,0.675,0.675,0.974,289.52,279.80,1.42,0.98,0,0,1.9876
blue,5.208,1.012,1.012,1.461,293.40,251.07,1.36,0.98,0,0,13.4143
blue,3.393,1.258,1.258,1.817,296.51,201.12,2.05,0.96,1,0,5.0690
blue,7.279,2.487,2.487,3.592,305.73,108.02,1.47,0.83,0,0,22.8255
blue,2.434,1.965,1.950,2.838,302.90,97.60,1.22,0.98,0,0,4.2759
blue,1.916,0.897,0.897,1.296,304.13,77.95,1.12,0.99,0,0,1.9441
blue,1.155,0.592,0.592,0.855,304.13,475.18,1.96,0.97,0,0,0.5137
blue,9.121,3.280,3.280,4.737,313.72,200.53,1.53,0.72,0,0,74.0710
blue,1.634,2.348,2.035,3.392,310.26,206.19,1.07,0.95,0,0,2.9443
blue,11.977,1.792,1.791,2.588,316.21,370.26,3.77,0.99,1,0,121.6607
blue,17.111,13.795,13.795,19.925,321.53,312.79,1.06,1.00,0,0,1443.6404
blue,1.415,0.868,0.868,1.253,315.99,211.17,1.23,0.98,0,0,1.0651
blue,3.294,1.200,1.200,1.733,316.94,261.12,2.17,0.89,1,0,5.8203
blue,2.347,1.515,1.515,2.188,318.33,237.25,1.35,0.99,0,0,2.9804
blue,1.757,1.422,1.422,2.054,319.92,203.70,1.80,0.98,0,0,2.1000
blue,2.181,1.406,1.406,2.031,320.16,261.47,2.30,0.94,1,0,2.6853
blue,1.001,0.514,0.514,0.743,319.98,266.43,2.88,0.96,1,0,0.2625
blue,19.751,18.530,18.530,26.763,329.29,212.04,1.11,1.00,0,0,2359.6788
blue,5.334,0.720,0.720,1.040,323.57,349.58,4.04,0.98,1,0,11.4092
blue,4.658,1.363,1.363,1.969,324.43,282.24,1.64,0.99,0,0,11.5139
blue,1.959,0.773,0.774,1.117,324.27,266.89,1.57,0.98,0,0,1.4211
blue,6.282,1.274,1.274,1.840,328.48,435.12,1.60,0.99,0,0,17.4381
blue,6.793,1.214,1.215,1.754,335.32,314.79,1.73,0.99,0,0,25.1331
blue,1.355,2.157,0.826,3.116,338.73,477.61,1.37,0.94,0,1,2.0102
blue,6.536,1.029,1.029,1.486,344.08,387.22,1.52,0.96,0,0,20.9640
blue,5.175,0.875,0.875,1.263,345.92,317.12,1.60,0.98,0,0,11.5951
blue,2.329,1.497,1.497,2.162,345.18,484.62,1.83,0.97,0,0,4.7037
blue,22.375,13.499,13.498,19.497,354.90,123.47,1.92,0.83,0,0,2102.0891
blue,8.347,1.549,1.549,2.237,352.17,222.55,1.59,0.96,0,0,50.2792
blue,1.872,0.402,0.402,0.581,349.17,394.37,2.86,0.97,1,0,0.8386
blue,12.922,7.350,7.350,10.616,355.39,377.23,1.43,0.98,0,1,441.4869
blue,7.751,1.917,1.917,2.768,355.61,476.33,2.93,0.83,1,0,33.1590
blue,5.934,0.910,0.910,1.314,355.64,251.33,1.58,0.99,0,0,17.0821
blue,3.071,0.860,0.860,1.243,358.12,244.45,1.25,0.99,0,0,4.2255
blue,4.987,1.121,1.121,1.619,365.39,291.47,1.57,0.99,0,0,12.2544
blue,1.259,2.667,2.667,3.852,364.68,451.93,1.37,0.97,0,0,1.7194
blue,1.556,0.657,0.657,0.949,367.58,350.16,1.49,0.97,0,0,0.9684
blue,4.323,0.793,0.793,1.145,368.89,344.35,1.68,0.98,0,0,7.9065
blue,1.938,0.719,0.719,1.038,370.67,166.96,2.20,0.99,1,0,1.5879
blue,1.444,0.813,0.813,1.174,374.04,103.82,1.24,0.98,0,0,1.0896
blue,6.322,1.249,1.249,1.804,376.77,175.75,2.09,0.99,1,0,21.8145
blue,2.816,0.946,0.946,1.366,377.86,122.24,1.44,0.99,0,0,3.9397
blue,6.517,1.057,1.057,1.527,387.92,451.41,1.50,0.99,0,0,19.7703
blue,2.238,1.408,1.408,2.033,386.02,458.73,1.44,0.99,0,0,3.2427
blue,10.785,1.559,1.560,2.252,392.78,341.22,1.47,0.80,0,0,65.6861
blue,5.450,1.932,1.932,2.790,390.03,304.26,1.43,0.99,0,0,16.0429
blue,7.076,1.084,1.084,1.566,394.12,458.58,1.46,0.99,0,0,29.9620
blue,2.518,0.716,0.716,1.035,392.38,292.77,1.33,0.98,0,0,2.3799
blue,2.584,0.655,0.655,0.946,394.43,288.37,1.54,0.98,0,0,2.4883
blue,1.781,0.791,0.791,1.142,396.70,160.51,1.43,0.97,0,0,1.2107
blue,5.037,1.074,1.074,1.551,404.72,171.15,1.56,0.99,0,0,13.3007
blue,2.485,0.564,0.564,0.815,409.98,226.87,1.79,0.98,0,0,2.1233
blue,15.307,8.393,8.392,12.122,417.01,36.36,1.21,1.00,0,0,747.1645
blue,8.062,2.256,2.256,3.259,420.63,227.34,1.18,0.99,0,0,56.0244
blue,11.180,7.184,7.184,10.376,425.70,312.38,1.06,1.00,0,0,297.7940
blue,11.808,1.355,1.355,1.957,425.32,403.86,3.98,0.75,1,0,82.3589
blue,20.840,19.326,19.326,27.914,430.82,433.86,1.21,1.00,0,0,2884.5220
blue,4.720,0.735,0.735,1.062,428.27,375.24,1.47,0.97,0,0,8.4845
blue,5.086,0.592,0.593,0.856,439.80,114.09,1.30,0.97,0,0,7.0276
blue,2.771,0.781,0.781,1.128,439.48,462.97,1.83,0.99,0,0,2.7549
blue,5.504,0.939,0.939,1.356,441.42,282.10,1.20,0.98,0,0,12.6942
blue,3.766,1.128,1.128,1.629,443.42,38.92,1.07,0.99,0,0,5.7845
blue,2.960,0.737,0.737,1.065,445.55,184.70,1.37,0.98,0,0,3.6678
blue,6.593,1.179,1.179,1.703,447.71,178.55,1.08,0.99,0,0,25.4950
blue,8.871,2.816,2.816,4.068,450.09,295.43,1.57,0.74,0,0,58.3673
blue,3.230,0.595,0.595,0.859,446.86,341.45,1.87,0.98,0,0,3.3097
blue,3.733,1.228,1.228,1.773,447.04,456.31,1.92,0.99,0,0,6.4199
blue,3.799,1.682,1.682,2.429,447.53,349.90,1.29,0.99,0,0,7.2673
blue,2.830,2.943,2.943,4.250,449.08,290.54,1.48,0.99,0,0,5.1656
blue,2.468,1.636,1.636,2.363,448.61,356.91,1.34,0.99,0,0,3.0826
blue,6.957,1.949,1.949,2.815,454.68,305.89,2.01,0.97,1,0,38.8953
blue,7.740,1.484,1.484,2.143,458.14,403.48,1.26,1.00,0,0,44.5395
blue,2.535,0.652,0.652,0.941,462.10,388.74,1.21,0.98,0,0,2.4866
blue,3.619,0.632,0.632,0.913,462.65,393.39,1.41,0.98,0,0,4.8590
blue,4.447,1.737,1.737,2.509,463.62,297.22,2.27,0.97,1,0,11.8584
blue,7.831,1.186,1.186,1.712,468.30,171.92,1.71,0.99,0,0,35.9526
blue,5.899,1.088,1.088,1.571,468.14,322.34,1.62,0.98,0,0,15.8996
blue,5.504,0.932,0.932,1.346,472.98,406.12,2.77,0.89,1,0,11.3480
blue,20.501,8.275,8.276,11.953,482.74,148.90,1.10,0.97,0,1,1409.1130
blue,5.271,0.886,0.886,1.280,481.17,384.34,2.49,0.77,1,0,13.2560
blue,5.756,1.344,1.344,1.941,488.66,163.95,1.60,0.67,0,0,14.6509
blue,2.663,1.945,1.945,2.810,491.37,160.92,1.20,0.97,0,0,3.5467
blue,2.740,0.791,0.791,1.142,491.55,224.33,1.45,0.98,0,0,3.3107
blue,1.850,0.460,0.460,0.664,491.83,228.51,1.32,0.98,0,0,0.9157
